"ID","PASS","NAME","INSDATE","USEYN"
"test","12345","test","18/08/09","Y"
"dalmoon7","12345","´Þ¹®","18/09/17","Y"
"dalmoon","12345","´Þ¹®","18/09/14","Y"
"dalmoon8","12345","´Þ¹®","18/09/17","Y"
"dalmoon18","12345","´Þ¹®","18/09/17","Y"
"ffff","12345","123","18/10/11","Y"
"ffffffffff","123123","123","18/10/11","Y"
"ffffffff","123123","123123","18/10/11","Y"
"ffffffffaaaa","asfasf","123123","18/10/11","Y"
"gggg","ggggg","ggg","18/10/11","Y"
"testqwdfsdf","12345","¹Ú°øÀç","18/11/02","Y"
"test123143242","12345","¹Ú°øÀç","18/11/02","Y"
"testqweqr","12345","¹Ú°øÀç","18/11/02","Y"
"test111qweqw","12345","¹Ú°øÀç","18/11/02","Y"
"sdasdas","12345","¹Ú°øÀç","18/11/02","Y"
"asdvvdf","12345","¹Ú°øÀç","18/11/02","Y"
"qwesaasdasdqwe","123123","¹Ú°øÀç","18/11/02","Y"
"powas","123123","123123","20181106","Y"
"powas0","123123","123123","20181107","Y"
"zzzzzzzzzz","12345","ÀÌÁß¼·¼·¼·","18/11/07","Y"
"asldkfjkl","12345","ÀÌÁß¼·","18/11/07","Y"
"asdasdasd","asdasd","asdasd","20181107","Y"
"zzzzz","asdasd","asdasd","20181107","Y"
"asdasdq","asdasd","zzzzz","20181107","Y"
"zqweqwe","asdasd","asdasdz","20181107","Y"
"123123123","123123","asdzqwe","20181107","Y"
"zxczxczxc","zxczxc","asdzxc","18/11/07","Y"
"11111111","12345","a2342342342","18/11/15","Y"
"ekekekekekekek","12345","asdfasdfasdfasd","18/11/15","Y"
"asdfasdfa","12345","adsfasaaaa","18/11/16","Y"
"sddeeeeee","12345","asdfasdfasdfadsfsad","18/11/16","Y"
"asdfasdf","12345","dsfasdfasdf","18/11/16","Y"
"asdfasdfadssaf","12345","asdfasdfasdfasdaf","18/11/16","Y"
"awera232323","12345","sdfaweae222","18/11/19","Y"
"qwerasdf","qwerasdf","qwerasdf","18/11/28","y"
"stest","12345","song","18/11/29","Y"
"asdfa","asdfa","asdfa","18/11/28","y"
"test1020","test1020","test1020","19/01/16","Y"
"testt","1111","·Ö","19/01/16","Y"
"³»¾È¿¡Èæ¿°·æ","zndhdhdh","Èæ¿°·æ","19/01/16","Y"
"Èæ¼®µ¿ºÒ±ÃµÕ","gmrtjrehd","ºÒ±ÃµÕ","19/01/16","Y"
"¿µÅë²ÜÁÖ¸Ô","Rnfwnajr","¿µÅë²ÜÁÖ¸Ô","19/01/16","Y"
"°¡»êµ¿²¿Ä¡¿Õ","Rhclek","¾ç²¿Ä¡","19/01/16","Y"
"È­¾çµ¿¼Õ°¡¶ô","flemadhkd","ÀÌ¸®µë","19/01/16","Y"
"Ã¢Ãµµ¿¿ÀÂ¡¾î","dhwlddj","Ã¢Ãµµ¿¿ÀÂ¡¾î","19/01/16","Y"
"¶òÈ£¿ÍÀÇÁõ¾ð","10203430","¶òÈ£¿Í","19/01/16","Y"
"ºÀÃµµ¿¿ÕµÅÁö","951753","¿ÕµÅÁö","19/01/16","Y"
"test6","12345","¹Ú¿ë±Ô","18/08/09","Y"
"test4","12345","¹Ú¿ë±Ô","18/08/09","Y"
"test5","12345","¹Ú¿ë±Ô","18/08/09","Y"
"test7","12345","¹Ú¿ë±Ô","18/08/09","Y"
"qweasd","qweqwe","qweqwe","18/08/09","Y"
"qweasdw","qwert","qweasd","18/08/09","Y"
"123","12345","nameval","18/08/09","Y"
"1234","12345","1234","18/08/09","Y"
"ew2","111111","È«±æµ¿","18/08/09","y"
"se1","111111","È«±æ¼ø","18/08/09","y"
"sda","11111","È«±æµ¿","18/08/09","y"
"tese1","123123","È«±æµ¿","18/08/09","y"
"test08221","test08221","¾ÈÄ¡¹ü","18/08/22","Y"
"tststs","123123","tststs","18/09/06","Y"
"yyyy","12341","È«±æµ¿","18/09/06","Y"
"test08222","test08222","¾ÈÄ¡¹ü","18/08/22","Y"
"tststs1","123123","È«±æµ¿","18/09/06","Y"
"mnmn","123123","È«±æµ¿","18/09/06","Y"
"q001","12345","q1","18/09/10","Y"
"as2","123123","È«±æµ¿","18/08/09","y"
"sss","123123","È«±æµ¿","18/08/09","y"
"q003","11111","11111","18/09/10","Y"
"qwe2","11111","11111","18/09/10","Y"
"ww","11111","11111","18/09/10","Y"
"ee","11111","11111","18/09/10","Y"
"qweq","11111","11111","18/09/10","Y"
"test77","test77","test77","18/09/20","Y"
"test1aa","123","Å×½ºÆ®","18/10/01","Y"
"mmm123","123","kkk","18/10/01","Y"
"mmmm123","123","123","18/10/01","Y"
"123¤±","1","1","18/10/02","Y"
"123a","1","1","18/10/02","Y"
"test8","12345","´Þ¹®","18/10/19","Y"
"test9","12345","´Þ¹®","18/10/19","Y"
"test10","12345","´Þ¹®","18/10/19","Y"
"test12","12345","´Þ¹®","18/10/19","Y"
"test111","12345","¹Ú°øÀç","18/11/02","Y"
"test123","12345","¹Ú°øÀç","18/11/02","Y"
"qweqwe","qweqwe","¾Æ¹«°³","18/11/06","Y"
"Å×½ºÆ®","12345","ÀÌÁß¼·","18/11/06","Y"
"powas1","123123","123123","20181106","Y"
"zzzzzzasd","123123","123123123","20181106","Y"
"asdfnainnweew","12345","sdfaaaaaaaa","18/11/16","Y"
"asdfasdfas","12345","asdfasdfasdfa","18/11/16","Y"
"asdfasdfasdf12333","12345","asdfaddsfafafdsasf","18/11/16","Y"
"dfasfdasdfasdfasdf","12345","asdfeeewerqer","18/11/16","Y"
"asdfadsfa","12345","sdafasdfasdfasdfadsf","18/11/16","Y"
"asdfasdfasdfa333333","12345","asdfasdfasdfasdf","18/11/16","Y"
"asdfasdf324112551234","12345","asdfasdfaweewr3","18/11/16","Y"
"asdf3rewer222","12345","awer3234234111","18/11/16","Y"
"asdfasd33223","12345","asdeeesdfasf","18/11/16","Y"
"asdfasdf3323","12345","asdee2234234","18/11/16","Y"
"asdfe3234211","12345","sadfasdf3223","18/11/16","Y"
"deniu234111","12345","feefa3322","18/11/16","Y"
"dsfasfa","12345","dsf321111","18/11/16","Y"
"sdfa321123","12345","dsf3321123","18/11/16","Y"
"eioq3io2234","12345","dwwweewwewewe","18/11/19","Y"
"asd32234243","12345","dsasaw22222","18/11/19","Y"
"dsaf32221","12345","faa2332","18/11/19","Y"
"12355w2222","12345","asdf2311222","18/11/19","Y"
"123334ee","12345","asdf332","18/11/19","Y"
"d292323","12345","33434ek","18/11/19","Y"
"f234341","12345","sadwe3322","18/11/19","Y"
"awaoi3222","12345","saw4432112","18/11/19","Y"
"awer3232223","12345","3qewrrwree","18/11/19","Y"
"sdnie3332","12345","sdafasdfa3311","18/11/19","Y"
"1231f4422","12345","d2ewrfeww","18/11/19","Y"
"Silver","1111111","1111111","19/01/16","Y"
"song1","12345","test","18/11/28","Y"
"song2","12345","test","18/11/28","Y"
"mins1515","qwerasdf","mmss","18/11/29","y"
"abac","abaca","zxcv","18/11/30","y"
"º¸¶ó¸ÅÇÏ´Ì","951753","ÇÏ´Ì","19/01/16","Y"
"²¿Ä¡¿Õ","didRhcl","²¿Ã¬ÀÌ","19/01/16","Y"
"»ó¼öµ¿»ó¼öÇü","tkdtn","»ó¼öÇü","19/01/16","Y"
"ÇÕÁ¤µ¿º¸µåÄ«","vodka","ÇÕÁ¤µ¿","19/01/16","Y"
"¸Á¿øµ¿´ß²¿Ä¡","akdfleks","¸Á¸®´Ü±æ","19/01/16","Y"
"¿¬³²µ¿³ë¼÷ÀÚ","dusskaehd","¿¬³²µ¿","19/01/16","Y"
"¼­±³µ¿¸ñ»ì","ahrtkfwlq","¼­±³µ¿¹äÁý","19/01/16","Y"
"µ¿±³µ¿Å¬·´Â¯","ehdryehd","µ¿±³µ¿ÀÏÂðÂ¯","19/01/16","Y"
"¿Í¿ì»ê·ÎÀÏÁø","dhkdn","¿Í¿ì»ê·Î","19/01/16","Y"
"´ëÇöµ¿Â¯","eogusehd","´ëÇöµ¿Â¯","19/01/16","Y"
"¾ÆÀÌµð°¡","dkdlel","¼º¸í","19/01/16","Y"
"»óµµµ¿°Å»ê","tkdehehd","°Å»ê","19/01/16","Y"
"´ç°îµ¿±è¸»ÀÌ","951753","±è¸»ÀÌ","19/01/16","Y"
"jjjjj¤Ã","12345","È«±æµ¿","18/09/06","Y"
"¤²¤¸¤§¤²¤¸¤§","123456","È«±æµ¿","18/09/06","Y"
"test101","12345","È«±æµ¿","18/09/06","Y"
"esd12","123123","È«±æµ¿","18/08/09","y"
"tryrtyrt","12341","È«±æµ¿","18/09/06","Y"
"erwr¤²¤²","12345","È«±æµ¿","18/09/06","Y"
"¤²¤¸¤§¤²¤²¤²","qweqwe","¤²¤¸¤§","18/09/06","Y"
"q","qweqwe","qwe","18/09/06","Y"
"¤·¤·¤·¤·¤§¤§","qweqwe","¤²¤¸¤§","18/09/06","Y"
"asdasd","123123","È«±æµ¿","18/09/06","Y"
"fsdfsaae","qweqwe","qq","18/09/06","Y"
"kms2","123123","123","18/09/06","Y"
"¤±¤¤¤·¤»","123123","È«±æµ¿","18/09/06","Y"
"test1055","qweqwe","È«±æµ¿","18/09/06","Y"
"asda","123123","È«±æµ¿","18/09/06","Y"
"test1011111111","12345","È«±æµ¿","18/09/05","Y"
"jjjjj","12345","È«±æµ¿","18/09/06","Y"
"kms","12345","±è¹Î¼ö","18/09/06","Y"
"kms3","123123","123","18/09/06","Y"
"kms6","123123","±è","18/09/06","Y"
"eee","1111111111","111","a","Y"
"aa","aaaaaaaaaa","aa","18/09/07","Y"
"a2","1","1","18/09/07","Y"
"test2","12345","123","18/09/07","Y"
"a4","12345","1","18/09/07","Y"
"a5","12345","1","18/09/07","Y"
"qqqq","11111","11111","18/09/07","Y"
"qqqqqq1","11111","11111","18/09/07","Y"
"123123","aaaaaa","asdasd","18/09/07","Y"
"q12","11111","11111","18/09/10","Y"
"dalmoon19","12345","´Þ¹®","18/09/17","Y"
"dalmoon21","12345","´Þ¹®","18/09/17","Y"
"dalmoon22","12345","´Þ¹®","18/09/17","Y"
"olaf89","rlffk89","ÀÌ¼ºÈ¯","18/09/18","Y"
"test_id","12345","777","18/10/11","Y"
"test123123","123123","123123","18/10/16","Y"
"test123123123123","123123","123123","18/10/16","Y"
"testaaa","123123","123123","18/10/16","Y"
"testqwesde","12345","¹Ú°øÀç","18/11/02","Y"
"test1234","12345","¹Ú°øÀç","18/11/02","Y"
"test123werfd","12345","¹Ú°øÀç","18/11/02","Y"
"testqwesd","12345","¹Ú°øÀç","18/11/02","Y"
"testasdc","12345","¹Ú°øÀç","18/11/02","Y"
"dasvfsad","12345","¹Ú°øÀç","18/11/02","Y"
"sadvcxcv","12345","¹Ú°øÀç","18/11/02","Y"
"asdvvdf123","12345","¹Ú°øÀç","18/11/02","Y"
"123213","123123","¹Ú°øÀç","18/11/02","Y"
"aciskvsd","123123","¹Ú°øÀç","18/11/02","Y"
"qweqwesdfd","123123","¹Ú°øÀç","18/11/02","Y"
"qwesaasdasd","123123","¹Ú°øÀç","18/11/02","Y"
"asdfaaaasdfadf","12345","asdfddddddddd","18/11/16","Y"
"asdfasdfasdf","12345","dsafasdfasdfasdf","18/11/16","Y"
"asdfasdfadsfadsf","12345","asdfasdasaaasadf","18/11/16","Y"
"dasfaeee23432","12345","asdfasdfasdfasdf","18/11/16","Y"
"sfdgadsfasdfa","12345","asdfasdfasdfasd","18/11/16","Y"
"asdfasdf112344","12345","dsafsdfasdfsd","18/11/16","Y"
"asdfasdfasd","12345","asdfasdfasdfasdfa","18/11/16","Y"
"song","12345","test","18/11/29","Y"
"ababab","ababab","ababab","18/11/28","y"
"1q2w3e","1q2w3e","1q2w3e","18/11/28","y"
"test1","12345","¹Ú¿ë±Ô","18/08/09","Y"
"test08224","test08224","¾ÈÄ¡¹ü","18/08/22","Y"
"tests","111111","È«±æµ¿","18/08/09","y"
"test08223","test08223","¾ÈÄ¡¹ü","18/08/22","Y"
"tes213","123123","È«±æµ¿","18/08/09","y"
"s2","123123","È«±æµ¿","18/08/09","y"
"¤§¤§¤§¤§¤§¤§","11111","È«±æµ¿","18/09/06","Y"
"promsk11","11111","±è¹Î¼ö","18/09/06","Y"
"¤²¤¸¤§¤²¤¸","qweqw","¤¸¤¸¤¸","18/09/06","Y"
"test1011","12345","È«±æµ¿","18/09/06","Y"
"test10112","123412","1111","18/09/06","Y"
"kms7","123123","123","18/09/06","Y"
"kms4","123123","123","18/09/06","Y"
"kms5","123123","123","18/09/06","Y"
"kms8","123123","±è¹Î¼ö","18/09/06","Y"
"kms10","123123","±è¹Î¼ö","18/09/06","Y"
"kms11","123123","123123","18/09/06","Y"
"kms12","12345","±è¹Î¼ö","18/09/07","Y"
"kms13","123123","123123","18/09/07","Y"
"kms14","123123","±è¹Î¼ö","18/09/07","Y"
"dalmoon1","12345","´Þ¹®","18/09/14","Y"
"dalmoon2","12345","´Þ¹®","18/09/14","Y"
"dalmoon3","12345","´Þ¹®","18/09/14","Y"
"dalmoon4","12345","´Þ¹®","18/09/14","Y"
"dalmoon5","12345","ÀÌ´Þ¹®","18/09/17","Y"
"test1011111","12345","È«±æµ¿","18/09/05","Y"
"eeeeeeq","12345","È«±æµ¿","18/09/06","Y"
"dalmoon9","12345","´Þ¹®","18/09/17","Y"
"dalmoon10","12345","´Þ¹®","18/09/17","Y"
"dalmoon11","12345","´Þ¹®","18/09/17","Y"
"dalmoon12","12345","´Þ¹®","18/09/17","Y"
"dalmoon15","12345","´Þ¹®","18/09/17","Y"
"dalmoon16","12345","´Þ¹®","18/09/17","Y"
"dalmoon17","12345","´Þ¹®","18/09/17","Y"
"test11","test11","Å×½ºÆ®1","18/09/18","Y"
"test55","test55","test55","18/09/20","Y"
"test66","test66","test66","18/09/20","Y"
"zzzz","zzzzz","zzz","18/10/11","Y"
"test123123123","123123","123123","18/10/16","Y"
"test555","123123","123123","18/10/16","Y"
"ddddddddddddddd","12345","aaaaaaaaaaaaa","18/11/15","Y"
"awerweararaewrerwer","12345","asdf111111","18/11/15","Y"
"2018","12345","1115","18/11/15","Y"
"asdfasdfeeeee","12345","adsfasdsdaasdfasfd","18/11/16","Y"
"asdfasdfads","12345","dsfasdfasdfasdfa","18/11/16","Y"
"asdfasdfasdfa","12345","asdfasdfasdf","18/11/16","Y"
"asdfasdfasdfa3333","12345","asdfasdfasdfasdf","18/11/16","Y"
"asd33221111","12345","33321123","18/11/16","Y"
"asdw32123","12345","seewr222","18/11/16","Y"
"33222edddd","12345","d2341123","18/11/16","Y"
"3i2nindfas","12345","dsfawe33322","18/11/16","Y"
"e22331111","12345","asd232411","18/11/16","Y"
"32423234432","12345","sssee3333","18/11/19","Y"
"12355w2","12345","asdf23112","18/11/19","Y"
"ygun2ga79","111111","ÁÖ¹ÎÃ¶","18/11/20","Y"
"a","b","c","18/11/28","y"
"abcde","abcde","abcd","18/11/29","y"
"abc","ababc","abab","18/11/28","y"
"mins0501","qwerasdf","ms","18/11/29","y"
"asdf1020","asdf1020!","asdf´Ù","19/01/16","Y"
"asdf1020!","asdf1020!","asdf´Ù","19/01/16","Y"
"ÀÚ¾çµ¿¶ô½ºÅ¸","wkdidehd","ÀÚ¾çµ¿¶ô½ºÅ¸","19/01/16","Y"
"»óµµµ¿¿Õ°¨ÀÚ","tkdehehd","¿Õ°¨ÀÚ","19/01/16","Y"
"test3","12345","¹Ú¿ë±Ô","18/08/09","Y"
"ggggii","12345","È«±æµ¿","18/09/06","Y"
"gggggg","12345","È«±æµ¿","18/09/06","Y"
"hhhhhh","12345","È«±æµ¿","18/09/06","Y"
"tes1","111111","È«±æµ¿","18/08/09","y"
"te11","111111","È«±æµ¿","18/08/09","y"
"e2","111111","È«±æµ¿","18/08/09","y"
"te22","111111","È«±æµ¿","18/08/09","y"
"ds2","111111","È«±æµ¿","18/08/09","y"
"ggggggg","12345","È«±æµ¿","18/09/06","Y"
"fffff","12345","È«±æµ¿","18/09/06","Y"
"fffffd","12345","È«±æµ¿","18/09/06","Y"
"qasd","qqqqq","qqq","18/09/06","Y"
"aqaz","123123","123","18/09/06","Y"
"te¤²","qweqwe","¤²¤¸¤§","18/09/06","Y"
"qww","qweqwe","qwe","18/09/06","Y"
"asdas","qweqwe","qwe","18/09/06","Y"
"zxc","zxczxc","zxc","18/09/06","Y"
"¤·¤·¤·¤·","qweqwe","¤²¤¸¤§","18/09/06","Y"
"¤·¤·¤·¤·¤§","qweqwe","¤²¤¸¤§","18/09/06","Y"
"È«±æµ¿","123123","È«±æµ¿","18/09/06","Y"
"aasd","123123","È«±æµ¿","18/09/06","Y"
"qqqqq","111111","123","18/09/07","Y"
"aaa","1111111111","aa","18/09/07","Y"
"aaaa","1111111111","222","18/09/07","Y"
"111","1111","222","18/09/07","Y"
"a1","1","123","18/09/07","Y"
"a3","1","1","18/09/07","Y"
"qqqqqq","11111","11111","18/09/07","Y"
"a6","11111","a","18/09/07","Y"
"aa1","11111","1","18/09/07","Y"
"q002","11111","11111","18/09/10","Y"
"q11","11111","11111","18/09/10","Y"
"qwe","11111","11111","18/09/10","Y"
"qwe1","11111","11111","18/09/10","Y"
"qwe22","11111","11111","18/09/10","Y"
"qwe21","11111","11111","18/09/10","Y"
"qq","11111","11111","18/09/10","Y"
"wwww","11111","11111","18/09/10","Y"
"dalmoon6","12345","´Þ¹®","18/09/17","Y"
"dalmoon13","12345","´Þ¹®","18/09/17","Y"
"dalmoon14","12345","´Þ¹®","18/09/17","Y"
"dalmoon20","12345","´Þ¹®","18/09/17","Y"
"test22","test22","Å×½ºÆ®2","18/09/19","Y"
"test33","test33","test33","18/09/19","Y"
"test44","test44","test44","18/09/20","Y"
"examtest","12346","??¢¥?¢´???¡©","18/11/06","Y"
"112","12345","??¢¥?¢´???¡©","18/11/06","Y"
"¤»¤»¤»","12345","ÀÌÁß¼·¼·","18/11/06","Y"
"test1122","12345","ÀÌÁß¼·","18/11/06","Y"
"zxca65s","123123","123123","20181106","Y"
"zxcqwe","asdasd","asdasd","20181107","Y"
"11asdasd","asdasd","asdasdz","20181107","Y"
"ididididi","asdasd","qweqwe","20181107","Y"
"asdfgh","asdasd","123asd","18/11/07","Y"
"qweoka","123123","12312312","18/11/07","Y"
"asdazzz","123123","asdqwe","18/11/07","Y"
"aqweqw","123123","dd","18/11/07","Y"
"asw23323322","12345","ds2323444","18/11/16","Y"
"33dfffee33","12345","fee2234234","18/11/16","Y"
"12sdfasdf","12345","asd3321","18/11/19","Y"
"kmoionww","12345","asdawwwws333","18/11/19","Y"
"powas00","123123","333","18/11/21","Y"
"³ë·®Áø»ç½Ã¹Ì","shfid","»ç½Ã¹Ì","19/01/16","Y"
"karas","12345","´©±¸","18/11/29","Y"
"abcd","abcde","abcd","18/11/29","y"
"acac","vavava","ggbb","18/11/29","y"
